{"coresubset.csv":{"Parallel Tempering":[{"times":[-1,1,1,1,1,1,1,1,2,2,2,2,2,2,2,3,3,3,5,5,5,6,6,6,6,16,16,22,23,74],"values":[0.13078995527934326,0.1363737306626513,0.14509643830948998,0.18003950017444842,0.18204668794654102,0.20609291167414306,0.21613663410857176,0.21691657789154103,0.2195647338988737,0.2249407227182739,0.2260189625512889,0.22637996844423172,0.2342438591613651,0.24305750080042285,0.2488843680499757,0.25284127474517143,0.26274612382593593,0.2671542120378648,0.26948525329847206,0.2698482496925333,0.27284583122785017,0.27341084434670726,0.27920749302172915,0.2851513283238475,0.2868429394916671,0.2868429394916672,0.28725152148655964,0.29071957452540903,0.29216157519536257,0.29279858360969346],"best.solution":[26,11,48,1,37,20,69,34,74,30]},{"times":[-1,1,1,1,1,1,1,1,1,1,1,2,2,2,2,2,2,2,3,5,5,5,6,13,14,15,16,19,19,33,35,1237],"values":[0.11049307042933385,0.15636573167885678,0.1906738170184717,0.19229379327123639,0.1975795439882906,0.20282574856914878,0.2117489593117337,0.21174993148376658,0.21769483649398896,0.22095003833539675,0.22418567768625614,0.22447188279965688,0.2316595799473496,0.2361442058581233,0.24167350304891197,0.24451584940147258,0.24896650832659234,0.25875782045408874,0.258976222977656,0.2714885127199459,0.27348867596123755,0.2754739176579709,0.275538736310713,0.27985566150978286,0.28022525255310604,0.281898125847048,0.28457674176707376,0.28624622367318314,0.2921615751953627,0.29279858360969324,0.29279858360969335,0.29279858360969346],"best.solution":[48,69,37,20,11,1,26,34,30,74]},{"times":[-1,1,1,1,1,1,1,1,2,2,2,2,2,2,2,2,2,2,2,2,3,3,3,3,3,6,6,16,16,16,16,34,38,39,854],"values":[0.15340063343900506,0.1853574326017257,0.18732769151522044,0.19014477581923353,0.20236619674252054,0.20833627675247382,0.2169036315768686,0.21987962997102853,0.22637246498231298,0.2326219936194449,0.23872882341769333,0.2415136069149379,0.24168154608858386,0.24279758513990735,0.2522007327113608,0.2527101192991511,0.2563549276677656,0.2564849539368588,0.25704442952738826,0.25823223527350186,0.2622495778793682,0.2635337451848273,0.2647373628140105,0.26789504525874297,0.2684784293136742,0.27701209410923316,0.2814544717465271,0.2823000318703094,0.28538634423313536,0.28961594181592465,0.2903275844663099,0.29216157519536257,0.2921615751953626,0.29279858360969335,0.2927985836096934],"best.solution":[48,69,1,34,30,20,11,37,74,26]},{"times":[-1,1,1,1,1,1,1,1,1,1,1,2,2,2,2,2,2,2,2,2,2,2,3,6,7,7,9,9,11,18,93],"values":[0.11364762667245716,0.11833538346536396,0.1339428904615033,0.14281679958306973,0.1535513729553193,0.15694453877948109,0.15755105541442277,0.16063655641287858,0.192281219019422,0.1999626431291044,0.21222835466998347,0.21626243700130066,0.2233741815749685,0.22892162473179015,0.23161510001226765,0.23724666396953314,0.23917436057472638,0.23922199604162847,0.24991285314866918,0.2500969944461374,0.2630387223968097,0.2679293641992631,0.2739200183810295,0.27727289912542796,0.27727289912542813,0.27845028699205354,0.2819608754759931,0.28701738099597296,0.29216157519536257,0.2927985836096933,0.29279858360969335],"best.solution":[48,1,69,20,30,11,34,74,37,26]},{"times":[-1,0,0,0,0,0,0,0,1,1,1,1,1,2,2,2,2,2,3,3,7,7,10,10,10,10,12,122,161],"values":[0.1408861589544625,0.14509388088088682,0.19412534512598617,0.20278611010542819,0.20326574736259176,0.21992142963173564,0.22440266120342534,0.22871770834665991,0.2386766080428322,0.24331702597436755,0.24604841074744158,0.24943852825729818,0.2553244369568152,0.26157464303248507,0.261871072296782,0.2645404392083027,0.2662065417062399,0.2667724478202539,0.2698343258913646,0.27754909761880514,0.2788774548806111,0.27929443489576095,0.27935928834125984,0.2836063050089894,0.2851498037957263,0.29279858360969324,0.29279858360969335,0.2927985836096934,0.29279858360969346],"best.solution":[20,48,11,69,1,34,30,74,37,26]},{"times":[-1,1,1,1,1,1,1,1,1,1,1,1,2,2,2,2,2,3,3,3,3,3,3,4,5,9,10,10,12,13,13,28,29,215],"values":[0.1633201714308495,0.1796609263053583,0.17999326712177965,0.20008244752685694,0.21175894893572983,0.21216978590466495,0.21414003768853176,0.22453419928547627,0.2265244989359604,0.2376112314195289,0.23783983208860815,0.24344162288775598,0.24691539236497664,0.2517111641579816,0.26174757531043846,0.26499700635660056,0.2656992568627156,0.2666785760630833,0.2686344990871282,0.2702274845674177,0.27258070745307483,0.27786421193196004,0.279109207113336,0.2805283545738415,0.2807127406163611,0.28196620000601913,0.2837134813426622,0.28589956512884923,0.2858995651288493,0.2905050815102362,0.29216157519536257,0.2921615751953626,0.29279858360969335,0.2927985836096934],"best.solution":[37,48,69,11,26,30,20,74,1,34]},{"times":[-1,0,0,0,0,0,0,0,1,1,1,1,1,1,1,1,2,2,2,2,3,4,4,4,4,6,6,6,7,10,12,19,26,27,43,197,242,540],"values":[0.138501761322112,0.15445976117524987,0.1728121033070057,0.18608722362670638,0.1863225546871114,0.19468573895512137,0.2102200396503248,0.21155673128447364,0.21884165139287334,0.22338099062917335,0.23036216316239594,0.23237826499912395,0.23967945213356812,0.24233358331617985,0.24344926901164668,0.24736390512572176,0.2495142150819599,0.2563643168210528,0.26805547213567615,0.26881703893848435,0.27035932065356216,0.2742902614812535,0.2756928900615131,0.27776810793313533,0.2779073663948243,0.27849296994499595,0.28478026673210144,0.2853775953917367,0.28680962953390593,0.28703504112440803,0.28822933029980946,0.2903275844663099,0.2921615751953625,0.2921615751953626,0.2921615751953627,0.2927985836096933,0.29279858360969335,0.29279858360969346],"best.solution":[48,1,20,69,37,11,26,34,30,74]},{"times":[-1,0,1,1,1,1,1,1,1,1,1,1,1,1,1,1,1,1,1,1,2,2,2,2,2,2,2,3,6,6,7,7,24,85],"values":[0.12890216244031308,0.17049063014535493,0.1736972490258008,0.17546837536507925,0.17714529748719432,0.1858706048389813,0.18756991602905387,0.19347383027100679,0.20505231781162112,0.20700483586701962,0.21495563315667393,0.22002983888470803,0.23491238870053294,0.2349462575026932,0.23748094394184321,0.23952033481491025,0.24258988954845115,0.24295512672294425,0.24507975385873554,0.2552310794060932,0.2614369328740621,0.26643979801133016,0.2668980338622077,0.27276776317297735,0.2733993300687854,0.27409832119515076,0.277049596200727,0.2829722615003765,0.2829722615003767,0.28657786838959226,0.2890066438780387,0.290679523014542,0.29279858360969335,0.2927985836096934],"best.solution":[11,48,26,20,37,69,74,30,1,34]},{"times":[-1,0,0,0,0,0,1,1,1,1,1,1,1,1,2,2,2,2,2,2,2,2,2,3,3,9,10,12,12,31,102],"values":[0.11735260367166722,0.13422378399435506,0.13774518886853154,0.17324656821040008,0.19219162330428358,0.1981170628603383,0.20677733825637218,0.2077222719649871,0.21241411410162042,0.21466304785264717,0.22213368548589602,0.23211234221720925,0.2336800007152759,0.240357334559577,0.24067692482221598,0.24149644648365806,0.24422788114255334,0.2477695538715182,0.25741651193847853,0.25961525876678027,0.26166542488077915,0.26281509816112314,0.26436722976800636,0.2734941883259509,0.2816296636643426,0.2866994093077685,0.2866994093077686,0.29023023904305956,0.2921615751953626,0.29279858360969335,0.29279858360969346],"best.solution":[11,1,48,37,26,34,20,69,30,74]},{"times":[-1,0,0,0,0,0,0,0,0,1,1,1,1,1,1,1,1,1,2,2,2,6,6,6,7,10,14,16,16,20,20,20,21,24,25,249],"values":[0.1601524327833933,0.17806590459243993,0.19457071373689142,0.20329318126393323,0.20394438449023983,0.20837829081418566,0.2191524323483999,0.22128962624253062,0.2223354152733072,0.22556082205206965,0.23047231466562304,0.23090024979893128,0.23507868369570498,0.2456573805072159,0.25059521612658736,0.25660488391207653,0.2617308240202319,0.2674300737049295,0.2701657868138975,0.27087065675425137,0.27510002250243354,0.2751000225024336,0.2777790235703079,0.27912449882446494,0.28189675003768067,0.284502959174671,0.284579117272996,0.2869350784678435,0.28851575935501683,0.2888322023737329,0.2902302390430595,0.29216157519536257,0.2921615751953626,0.2927985836096933,0.29279858360969335,0.2927985836096934],"best.solution":[20,1,48,11,69,30,34,74,37,26]}],